company_name,title,location,date_posted
Google,Digital Marketing Strategist,"Gurugram, Haryana, India",2024-08-03
Google,"Software Engineer, University Graduate, 2025","Bengaluru, Karnataka, India",2024-07-31
Google,"Software Engineer, University Graduate, 2025",Mumbai Metropolitan Region,2024-07-31
Google,"Software Engineer, University Graduate, 2025","Hyderabad, Telangana, India",2024-07-31
Google,"Software Engineer, University Graduate, 2025","Gurgaon, Haryana, India",2024-07-31
Google,"Software Engineer, University Graduate, 2025","Pune, Maharashtra, India",2024-07-31
Google,Marketing Category Manager,"Bengaluru, Karnataka, India",2024-08-02
Google,Internal Communications Specialist,"Gurugram, Haryana, India",2024-08-01
Google,"Analyst, Marketing Finance","Gurgaon, Haryana, India",2024-08-02
Google,Finance Analyst,"Bengaluru, Karnataka, India",2024-08-03
Google,Financial Analyst,"Bengaluru, Karnataka, India",2024-08-03
Google,Digital Marketing Strategist,"Hyderabad, Telangana, India",2024-08-03
Google,Internal Communications Specialist,"Bengaluru, Karnataka, India",2024-08-02
Google,"Software Engineer, Core","Hyderabad, Telangana, India",2024-08-03
Google,"Account Manager, Ad Sales","Gurgaon, Haryana, India",2024-08-04
Google,"Account Strategist, Mid-Market Sales, Google Customer Solutions","Gurugram, Haryana, India",2024-08-01
Google,"Software Engineer, Google Ads","Bengaluru, Karnataka, India",2024-07-31
Google,"Account Strategist, Mid-Market Sales, Google Customer Solutions",Mumbai Metropolitan Region,2024-08-01
Google,"Software Engineer, Payments","Bengaluru, Karnataka, India",2024-07-31
Google,"Embedded Software Engineer, University Graduate, 2025","Bengaluru, Karnataka, India",2024-08-02
Google,Senior Talent Engagement Specialist,"Bengaluru, Karnataka, India",2024-08-02
Google,"Product Manager, Search","Bengaluru, Karnataka, India",2024-08-02
Google,"Product Manager, Looker","Hyderabad, Telangana, India",2024-08-03
Google,"Strategy and Operations Lead, Go-To-Market","Gurgaon, Haryana, India",2024-08-02
Google,Senior Talent Engagement Specialist,"Hyderabad, Telangana, India",2024-08-02
Google,"Finance Lead, Payments, Finance","Bengaluru, Karnataka, India",2024-08-03
Google,"Business Finance Analyst, Cross Programs, Google Customer Solutions","Bengaluru, Karnataka, India",2024-08-04
Google,"Financial Analyst, Go-to-Market Finance, Google Cloud Consulting","Bengaluru, Karnataka, India",2024-08-03
Google,"Account Strategist, Mid-Market Sales, Google Customer Solutions","Bengaluru, Karnataka, India",2024-08-01
Google,"Product Manager, Google Home/Nest Subscriptions","Bengaluru, Karnataka, India",2024-07-30
Google,"Workday Analyst, People Operations","Bengaluru, Karnataka, India",2024-08-01
Google,"Administrative Business Partner, International Controllership","Hyderabad, Telangana, India",2024-07-30
Google,"Product Manager, Ads Incentives","Bengaluru, Karnataka, India",2024-08-01
Google,"Product Manager, Discover Product Experience","Bengaluru, Karnataka, India",2024-08-03
Google,"Business Intelligence Analyst, Strategy Operations, Google Play","Bengaluru, Karnataka, India",2024-07-30
Google,"Product Manager, Google Technology","Hyderabad, Telangana, India",2024-08-02
Google,Senior Product Manager,"Bengaluru, Karnataka, India",2024-08-02
Google,"Workday Analyst, People Operations","Hyderabad, Telangana, India",2024-08-01
Google,"Vendor Operations Manager, Trust and Safety","Bengaluru, Karnataka, India",2024-08-02
Google,"Vendor Operations Manager, Trust and Safety","Bengaluru, Karnataka, India",2024-08-02
Google,Engineering Analyst,"Hyderabad, Telangana, India",2024-08-03
Google,Global Threat Analyst,"Bengaluru, Karnataka, India",2024-08-01
Google,"Global Process Manager, Revenue Operations","Bengaluru, Karnataka, India",2024-08-03
Google,"Strategic Partner Manager, Large Partnerships Solutions","Gurgaon, Haryana, India",2024-08-02
Google,"Software Engineer II, Front End, Payments","Bengaluru, Karnataka, India",2024-08-01
Google,"Vendor Operations Manager, Trust and Safety","Hyderabad, Telangana, India",2024-08-03
Google,Senior Business Intelligence Analyst,"Bengaluru, Karnataka, India",2024-08-03
Google,"Software Engineer II, Front End, Payments","Hyderabad, Telangana, India",2024-08-01
Google,"Software Engineer II, Full Stack, Google Cloud","Hyderabad, Telangana, India",2024-08-03
Google,"Strategist, Modern Creators and Formats","Bengaluru, Karnataka, India",2024-08-01
Amazon,Business Analyst,"Bengaluru East, Karnataka, India",2024-07-31
Amazon,Business Analyst,"Bengaluru East, Karnataka, India",2024-07-31
Amazon,Business Analyst,"Bengaluru, Karnataka, India",2024-07-31
Amazon,Business Analyst,"Bengaluru, Karnataka, India",2024-07-31
Amazon,Business Analyst,"Bengaluru, Karnataka, India",2024-07-31
Amazon,Business Analyst,"Bengaluru, Karnataka, India",2024-07-31
Amazon,HR Assistant,"Bengaluru, Karnataka, India",2024-08-04
Amazon,Business Analyst,"Bengaluru, Karnataka, India",2024-08-03
Amazon,Business Analyst,"Hubli, Karnataka, India",2024-07-31
Amazon,Business Analyst,"Hubli, Karnataka, India",2024-07-31
Amazon,Research Analyst,"Gurugram, Haryana, India",2024-08-02
Amazon,Business Analyst,"Bengaluru, Karnataka, India",2024-08-01
Amazon,Process Assistant,"Gurugram, Haryana, India",2024-08-02
Amazon,Process Assistant,Greater Kolkata Area,2024-07-31
Amazon,Business Analyst,"Bengaluru, Karnataka, India",2024-08-04
Amazon,Process Assistant,"Gurgaon, Haryana, India",2024-08-02
Amazon,Operations Analyst,"Bengaluru, Karnataka, India",2024-07-30
Amazon,Operations Analyst,"Bengaluru, Karnataka, India",2024-07-30
Amazon,Business Development Associate,"Bengaluru, Karnataka, India",2024-08-03
Amazon,"Virtual Customer Support Associate - Madhya Pradesh, India","Gwalior, Madhya Pradesh, India",2024-08-01
Amazon,Business Analyst I,"Bengaluru, Karnataka, India",2024-08-05
Amazon,"Business Analyst, IN Apparel","Bengaluru, Karnataka, India",2024-08-01
Amazon,Business Development Associate,"Bengaluru, Karnataka, India",2024-08-01
Amazon,EF Operation Executive,"Gurgaon, Haryana, India",2024-08-04
Amazon,"Operations Associate, Compliance India Team","Hyderabad, Telangana, India",2024-08-05
Amazon,"Executive Assistant, Amazon Pay","Bengaluru, Karnataka, India",2024-08-01
Amazon,Business Analyst I,"Hyderabad, Telangana, India",2024-08-03
Amazon,L&D Trainer,"Jagadhri, Haryana, India",2024-08-03
Amazon,"Sr Associate, Amazon Fresh","Bengaluru, Karnataka, India",2024-07-31
Amazon,"Operations Associate, Compliance India Team","Hyderabad, Telangana, India",2024-08-03
Amazon,"Administrator, Interventions, Interventions",Greater Kolkata Area,2024-08-02
Amazon,"Administrator, Interventions, Interventions","New Chandigarh, India",2024-08-02
Amazon,HR Ops Admin,"Hyderabad, Telangana, India",2024-08-04
Amazon,Operations Manager,"Hyderabad, Telangana, India",2024-07-31
Amazon,Operations Manager,"Hyderabad, Telangana, India",2024-07-31
Amazon,Business Analyst,"Bengaluru, Karnataka, India",2024-08-04
Amazon,"Learning Specialist, Communication","Noida, Uttar Pradesh, India",2024-08-04
Amazon,Process Assistant,Greater Kolkata Area,2024-08-01
Amazon,Process Assistant,Greater Kolkata Area,2024-08-01
Amazon,"Administrator, Interventions, Interventions","Uttar Pradesh, India",2024-08-02
Amazon,"Operations Manager, AMXL",Greater Kolkata Area,2024-08-01
Amazon,"Administrator, Interventions, Interventions",Greater Jaipur Area,2024-08-02
Amazon,Business Analyst,"Hyderabad, Telangana, India",2024-08-04
Amazon,Process Assistant,Greater Kolkata Area,2024-08-01
Amazon,Process Assistant,Greater Kolkata Area,2024-08-01
Amazon,"Asst Marketing Merchandiser, IN Prime Shopping","Bengaluru, Karnataka, India",2024-08-02
Amazon,"Data Associate I, Amazon","Karnataka, India",2024-08-04
Amazon,"SBS - Assistant Brand Manager, India Consumables","Bengaluru, Karnataka, India",2024-08-05
Amazon,"Procurement Manager, Procurement Manager, MENA PROCUREMENT","Bengaluru, Karnataka, India",2024-08-01
Amazon,"BDM, Amazon Advertising, Amazon Advertising","Gurugram, Haryana, India",2024-08-01
